<?xml version="1.0" encoding="UTF-8"?>
<project-private xmlns="http://www.netbeans.org/ns/project-private/1">
    <editor-bookmarks xmlns="http://www.netbeans.org/ns/editor-bookmarks/2" lastBookmarkId="0"/>
    <open-files xmlns="http://www.netbeans.org/ns/projectui-open-files/2">
        <group>
            <file>file:/C:/Users/mithr/OneDrive/Documents/NetBeansProjects/Logic_Hub/src/logic_hub/LogicGate.java</file>
            <file>file:/C:/Users/mithr/OneDrive/Documents/NetBeansProjects/Logic_Hub/src/logic_hub/MainPage.java</file>
        </group>
    </open-files>
</project-private>
